-- MySQL dump 10.15  Distrib 10.0.17-MariaDB, for Linux (armv7l)
--
-- Host: localhost    Database: db_spring
-- ------------------------------------------------------
-- Server version	10.0.17-MariaDB-log

/*!40101 SET @OLD_CHARACTER_SET_CLIENT=@@CHARACTER_SET_CLIENT */;
/*!40101 SET @OLD_CHARACTER_SET_RESULTS=@@CHARACTER_SET_RESULTS */;
/*!40101 SET @OLD_COLLATION_CONNECTION=@@COLLATION_CONNECTION */;
/*!40101 SET NAMES utf8 */;
/*!40103 SET @OLD_TIME_ZONE=@@TIME_ZONE */;
/*!40103 SET TIME_ZONE='+00:00' */;
/*!40014 SET @OLD_UNIQUE_CHECKS=@@UNIQUE_CHECKS, UNIQUE_CHECKS=0 */;
/*!40014 SET @OLD_FOREIGN_KEY_CHECKS=@@FOREIGN_KEY_CHECKS, FOREIGN_KEY_CHECKS=0 */;
/*!40101 SET @OLD_SQL_MODE=@@SQL_MODE, SQL_MODE='NO_AUTO_VALUE_ON_ZERO' */;
/*!40111 SET @OLD_SQL_NOTES=@@SQL_NOTES, SQL_NOTES=0 */;

--
-- Table structure for table `TB_CATEGORIES`
--

DROP TABLE IF EXISTS `TB_CATEGORIES`;
/*!40101 SET @saved_cs_client     = @@character_set_client */;
/*!40101 SET character_set_client = utf8 */;
CREATE TABLE `TB_CATEGORIES` (
  `id` bigint(20) unsigned NOT NULL AUTO_INCREMENT,
  `name` varchar(20) COLLATE utf8_unicode_ci NOT NULL,
  PRIMARY KEY (`id`),
  UNIQUE KEY `name` (`name`)
) ENGINE=InnoDB AUTO_INCREMENT=4 DEFAULT CHARSET=utf8 COLLATE=utf8_unicode_ci;
/*!40101 SET character_set_client = @saved_cs_client */;

--
-- Dumping data for table `TB_CATEGORIES`
--

LOCK TABLES `TB_CATEGORIES` WRITE;
/*!40000 ALTER TABLE `TB_CATEGORIES` DISABLE KEYS */;
INSERT INTO `TB_CATEGORIES` VALUES (3,'book'),(1,'jam'),(2,'router');
/*!40000 ALTER TABLE `TB_CATEGORIES` ENABLE KEYS */;
UNLOCK TABLES;

--
-- Table structure for table `TB_PRODUCTS`
--

DROP TABLE IF EXISTS `TB_PRODUCTS`;
/*!40101 SET @saved_cs_client     = @@character_set_client */;
/*!40101 SET character_set_client = utf8 */;
CREATE TABLE `TB_PRODUCTS` (
  `id` bigint(20) unsigned NOT NULL AUTO_INCREMENT,
  `title` varchar(50) COLLATE utf8_unicode_ci NOT NULL,
  `price` mediumint(8) unsigned DEFAULT '0',
  `unit` varchar(10) COLLATE utf8_unicode_ci NOT NULL,
  `createdTime` datetime DEFAULT CURRENT_TIMESTAMP,
  `lastModified` datetime DEFAULT CURRENT_TIMESTAMP,
  `enabled` tinyint(3) unsigned DEFAULT '0',
  `category_id` bigint(20) unsigned NOT NULL,
  PRIMARY KEY (`id`),
  UNIQUE KEY `title` (`title`),
  KEY `fk_category_id` (`category_id`),
  CONSTRAINT `fk_category_id` FOREIGN KEY (`category_id`) REFERENCES `TB_CATEGORIES` (`id`) ON DELETE CASCADE
) ENGINE=InnoDB AUTO_INCREMENT=482 DEFAULT CHARSET=utf8 COLLATE=utf8_unicode_ci;
/*!40101 SET character_set_client = @saved_cs_client */;

--
-- Dumping data for table `TB_PRODUCTS`
--

LOCK TABLES `TB_PRODUCTS` WRITE;
/*!40000 ALTER TABLE `TB_PRODUCTS` DISABLE KEYS */;
INSERT INTO `TB_PRODUCTS` VALUES (1,'蘋果手工果醬',175,'罐','2015-08-10 21:12:37','2015-08-10 21:12:37',1,1),(2,'藍莓手工果醬',165,'罐','2015-08-10 21:14:37','2015-08-10 21:14:37',1,1),(3,'MT7620A路由器',620,'個','2015-08-10 21:14:50','2015-08-10 21:14:50',1,2),(4,'RT-N14U路由器',610,'個','2015-08-10 21:14:57','2015-08-10 21:14:57',1,2),(6,'我在士東街的日子(完結篇)',589,'本','2015-08-11 16:04:11','2015-08-20 09:03:02',1,3),(7,'儒替鋼雑因処各隊遣洋',165,'値','2015-08-15 14:27:24','2015-08-15 14:27:24',0,2),(8,'衝頒朱塊河主超壇乳貿',802,'踏','2015-08-15 14:27:24','2015-08-15 14:27:24',0,1),(9,'居枝厚匁毛恨弟士菊',831,'等','2015-08-15 14:27:24','2015-08-15 14:27:24',0,3),(10,'欠捕臭誓嬢肩端併宮又',157,'幣','2015-08-15 14:27:24','2015-08-15 14:27:24',0,1),(11,'衰真拡満紀勘魂鯨',897,'軌','2015-08-15 14:27:24','2015-08-15 14:27:24',0,2),(12,'難井豪叔玉星文',484,'愁','2015-08-15 14:27:24','2015-08-15 14:27:24',0,3),(13,'械導振重倒健兼悩',459,'軍','2015-08-15 14:27:24','2015-08-15 14:27:24',0,2),(14,'債説緯約窓配諸嚇卒仁',503,'選','2015-08-15 14:27:24','2015-08-15 14:27:24',0,3),(15,'電匠籍虚拡就',381,'何','2015-08-15 14:27:24','2015-08-15 14:27:24',0,3),(16,'木隔理菊器歩犠卒',524,'描','2015-08-15 14:27:24','2015-08-15 14:27:24',0,2),(17,'圧燈河概参標寡十祖入',708,'睡','2015-08-15 15:15:55','2015-08-15 15:15:55',0,1),(18,'妥随買託棒旋噴',821,'操','2015-08-15 15:15:55','2015-08-15 15:15:55',0,2),(19,'盤俳乱悪軸式夢降策',106,'欧','2015-08-15 15:15:55','2015-08-15 15:15:55',0,2),(20,'網株遭淡仲散',663,'斎','2015-08-15 15:15:55','2015-08-15 15:15:55',0,1),(21,'歳惜抑著弊縮銀訓動',315,'働','2015-08-15 15:15:55','2015-08-15 15:15:55',0,1),(22,'皆伏着善呈痛辱陶',111,'重','2015-08-15 15:15:55','2015-08-15 15:15:55',0,2),(23,'因舟噴治縫抑鉄弐尊',148,'孤','2015-08-15 15:15:55','2015-08-15 15:15:55',0,2),(24,'必約別接叙女打',527,'理','2015-08-15 15:15:55','2015-08-15 15:15:55',0,1),(25,'軒雑漆貸阻瀬密',576,'好','2015-08-15 15:15:56','2015-08-15 15:15:56',0,3),(26,'才散識峰祉渡邪畑年',291,'夫','2015-08-15 15:15:56','2015-08-15 15:15:56',0,1),(27,'練評浅憲隔電礼欲鎮痛',241,'壱','2015-08-15 15:16:13','2015-08-15 15:16:13',0,2),(28,'令索験性忙羽留',828,'充','2015-08-15 15:16:13','2015-08-15 15:16:13',0,2),(29,'穫彰得徒亡尊威燥乳',423,'逓','2015-08-15 15:16:13','2015-08-15 15:16:13',0,3),(30,'軒縫遂照執覚班婿脳',532,'柔','2015-08-15 15:16:13','2015-08-15 15:16:13',0,1),(31,'山甘稲測蚕妥引慣度',569,'卑','2015-08-15 15:16:13','2015-08-15 15:16:13',0,1),(32,'語勲愚際風裸',663,'日','2015-08-15 15:16:13','2015-08-15 15:16:13',0,1),(33,'祭資略個黙換',586,'浄','2015-08-15 15:16:13','2015-08-15 15:16:13',0,1),(34,'鳥振舎篤貢秋豊式',375,'始','2015-08-15 15:16:13','2015-08-15 15:16:13',0,1),(35,'粋同独祥病大霊挙',173,'盲','2015-08-15 15:16:13','2015-08-15 15:16:13',0,2),(36,'幼床瀬裁拝埋',231,'群','2015-08-15 15:16:13','2015-08-15 15:16:13',0,3),(37,'副希吉許令底霊',693,'奥','2015-08-16 00:07:13','2015-08-16 00:07:13',0,1),(38,'高剤俳佐七跳断',523,'立','2015-08-16 00:07:13','2015-08-16 00:07:13',0,3),(39,'阻漂暁携較拡稿',304,'婚','2015-08-16 00:07:13','2015-08-16 00:07:13',0,2),(40,'督租塔撤訟効報',635,'遵','2015-08-16 00:07:13','2015-08-16 00:07:13',0,3),(41,'商旅漫慕朕召関捜',225,'徴','2015-08-16 00:07:13','2015-08-16 00:07:13',0,2),(42,'否姻哀競札薬冒悪人絞',211,'醸','2015-08-16 00:07:13','2015-08-16 00:07:13',0,3),(43,'限件当欄必摩貿揺',579,'加','2015-08-16 00:07:13','2015-08-16 00:07:13',0,2),(44,'繰仮学抗弓隻濃',789,'楼','2015-08-16 00:07:13','2015-08-16 00:07:13',0,3),(45,'場打既犠茎絞改染',229,'蒸','2015-08-16 00:07:13','2015-08-16 00:07:13',0,3),(46,'河教慢享陳合容隻復良',566,'技','2015-08-16 00:07:13','2015-08-16 00:07:13',0,1),(47,'陛越偉区豊仮句株',833,'塗','2015-08-16 00:07:25','2015-08-16 00:07:25',0,1),(48,'普躍丙妻父純遊篤坑貧',920,'傍','2015-08-16 00:07:25','2015-08-16 00:07:25',0,3),(49,'援昨厳賀解寧宰正蛮当',723,'者','2015-08-16 00:07:25','2015-08-16 00:07:25',0,2),(50,'胆裏疫辱陳隻較混朝',420,'千','2015-08-16 00:07:25','2015-08-16 00:07:25',0,3),(51,'遣敢始次修併励兆怪扶',217,'症','2015-08-16 00:07:25','2015-08-16 00:07:25',0,1),(52,'玄光偏筒偉罪厳邦宇',269,'院','2015-08-16 00:07:25','2015-08-16 00:07:25',0,3),(53,'岐塔深淡責箱婦性環',906,'却','2015-08-16 00:07:25','2015-08-16 00:07:25',0,3),(54,'燈童音鈍漁宅腹酪',530,'単','2015-08-16 00:07:25','2015-08-16 00:07:25',0,2),(55,'味呈晶過売鍛暴札',541,'惰','2015-08-16 00:07:25','2015-08-16 00:07:25',0,3),(56,'囲材塑管芳学訓升',920,'諭','2015-08-16 00:07:25','2015-08-16 00:07:25',0,3),(57,'依稿爆逆左私礼',562,'故','2015-08-16 00:07:31','2015-08-16 00:07:31',0,1),(58,'坂慌餓革煮勇',863,'膨','2015-08-16 00:07:31','2015-08-16 00:07:31',0,2),(59,'唱賀直利頂枯夫版摘筆',379,'裏','2015-08-16 00:07:31','2015-08-16 00:07:31',0,1),(60,'陛金尽戸車除',905,'獲','2015-08-16 00:07:31','2015-08-16 00:07:31',0,3),(61,'幣留亡丙姻侯座低堤及',313,'滑','2015-08-16 00:07:31','2015-08-16 00:07:31',0,3),(62,'積園偽才馬退',254,'峡','2015-08-16 00:07:31','2015-08-16 00:07:31',0,1),(63,'争秋虚畳訓井',280,'届','2015-08-16 00:07:31','2015-08-16 00:07:31',0,3),(64,'匠章舟日確膨伏示裸部',264,'万','2015-08-16 00:07:31','2015-08-16 00:07:31',0,3),(65,'玉現宜康茶彫候愁抜刀',974,'革','2015-08-16 00:07:31','2015-08-16 00:07:31',0,3),(66,'達銭異少夫喪',888,'益','2015-08-16 00:07:31','2015-08-16 00:07:31',0,2),(67,'乏説希抽並俵父多枢沢',685,'嫡','2015-08-16 00:07:38','2015-08-16 00:07:38',0,3),(68,'秘汚邪城滝静撲門器',369,'等','2015-08-16 00:07:38','2015-08-16 00:07:38',0,1),(69,'討日軌暁憤節',990,'潤','2015-08-16 00:07:38','2015-08-16 00:07:38',0,3),(70,'殴会健笑値泌戦',439,'樹','2015-08-16 00:07:38','2015-08-16 00:07:38',0,2),(71,'泰誓畑園鳴押条万町',296,'幅','2015-08-16 00:07:38','2015-08-16 00:07:38',0,3),(72,'序首心措織西孝',167,'在','2015-08-16 00:07:38','2015-08-16 00:07:38',0,3),(73,'凍胸揚受着城訳白軟勅',572,'丸','2015-08-16 00:07:38','2015-08-16 00:07:38',0,1),(74,'乾吸濁滞虚諮停',147,'統','2015-08-16 00:07:38','2015-08-16 00:07:38',0,2),(75,'円枚嗣良輪爵技',559,'芳','2015-08-16 00:07:38','2015-08-16 00:07:38',0,3),(76,'奇化佳南銀氏葉',980,'両','2015-08-16 00:07:38','2015-08-16 00:07:38',0,1),(77,'斤軽去苗職友',142,'眼','2015-08-16 00:07:43','2015-08-16 00:07:43',0,3),(78,'丙順並巡方閲賀遵',687,'新','2015-08-16 00:07:43','2015-08-16 00:07:43',0,1),(79,'抄籍困奴乗寸凡今済扇',269,'塔','2015-08-16 00:07:43','2015-08-16 00:07:43',0,1),(80,'誠嘆微戦敷燥',145,'辞','2015-08-16 00:07:43','2015-08-16 00:07:43',0,3),(81,'題罷粋望浅母',409,'数','2015-08-16 00:07:43','2015-08-16 00:07:43',0,3),(82,'契撮転願抱捨芳誕艇',924,'級','2015-08-16 00:07:43','2015-08-16 00:07:43',0,1),(83,'家硫右験猛背飯葉',948,'井','2015-08-16 00:07:43','2015-08-16 00:07:43',0,3),(84,'船対帆負崇謁',692,'畔','2015-08-16 00:07:43','2015-08-16 00:07:43',0,3),(85,'某贈栄劣格運走',581,'災','2015-08-16 00:07:43','2015-08-16 00:07:43',0,1),(86,'匹恵様賞蛮猟契',683,'安','2015-08-16 00:07:44','2015-08-16 00:07:44',0,1),(87,'満財液銭致俊諾根条',483,'案','2015-08-16 00:07:48','2015-08-16 00:07:48',0,2),(88,'板紀乗緯易剰攻沈漸',978,'針','2015-08-16 00:07:48','2015-08-16 00:07:48',0,2),(89,'火氷機専壁黒勺冠賄',631,'縁','2015-08-16 00:07:48','2015-08-16 00:07:48',0,2),(90,'質攻先央駆復患獲況頭',480,'砲','2015-08-16 00:07:48','2015-08-16 00:07:48',0,2),(91,'更換礁泊賢中式臣',825,'黄','2015-08-16 00:07:48','2015-08-16 00:07:48',0,1),(92,'採狩矛柄封流敗友私括',394,'課','2015-08-16 00:07:48','2015-08-16 00:07:48',0,1),(93,'憩該含勤偉況准状被',474,'孝','2015-08-16 00:07:48','2015-08-16 00:07:48',0,1),(94,'構級星致軽雑',651,'王','2015-08-16 00:07:48','2015-08-16 00:07:48',0,1),(95,'身抜架杯耗半顔',290,'癖','2015-08-16 00:07:48','2015-08-16 00:07:48',0,3),(96,'役賠奉享磁田札時',842,'部','2015-08-16 00:07:48','2015-08-16 00:07:48',0,1),(97,'戒爆金丹愁改',597,'恨','2015-08-16 00:07:51','2015-08-16 00:07:51',0,1),(98,'図糧盟懇途啓趣',410,'父','2015-08-16 00:07:51','2015-08-16 00:07:51',0,3),(99,'相申干氷卵閣近',805,'添','2015-08-16 00:07:51','2015-08-16 00:07:51',0,3),(100,'惑仲馬僚嚇症窃',896,'片','2015-08-16 00:07:51','2015-08-16 00:07:51',0,2),(101,'躍忠回銀感徹柱',159,'搾','2015-08-16 00:07:51','2015-08-16 00:07:51',0,1),(102,'季着内顔補貸',330,'福','2015-08-16 00:07:51','2015-08-16 00:07:51',0,3),(103,'拍沖己奪司急楽逃招池',462,'供','2015-08-16 00:07:51','2015-08-16 00:07:51',0,2),(104,'嫁渡及後済痘順許',177,'摘','2015-08-16 00:07:51','2015-08-16 00:07:51',0,2),(105,'飲華掌宅坪踏否扱詞',370,'腐','2015-08-16 00:07:51','2015-08-16 00:07:51',0,1),(106,'賦輪誓控荘沖離熟盟',296,'雷','2015-08-16 00:07:51','2015-08-16 00:07:51',0,2),(107,'念沢冊殉決営淑',992,'定','2015-08-16 21:47:08','2015-08-16 21:47:08',0,3),(108,'戯望限舟貨収獄承庭爵',346,'侍','2015-08-16 21:47:08','2015-08-16 21:47:08',0,2),(109,'傷隣夏瀬不帆所賃',682,'介','2015-08-16 21:47:08','2015-08-16 21:47:08',0,1),(110,'束嘆双器非薄森仏',691,'存','2015-08-16 21:47:08','2015-08-16 21:47:08',0,3),(111,'箇軽募庶主謁用',179,'序','2015-08-16 21:47:08','2015-08-16 21:47:08',0,2),(112,'打中秀政砲牛',994,'旋','2015-08-16 21:47:08','2015-08-16 21:47:08',0,2),(113,'鯨都析恨多謀負',203,'互','2015-08-16 21:47:08','2015-08-16 21:47:08',0,3),(114,'鯨畜環父吐誠勧盤民',907,'酸','2015-08-16 21:47:08','2015-08-16 21:47:08',0,3),(115,'初慨銑渡度希超',992,'欄','2015-08-16 21:47:08','2015-08-16 21:47:08',0,1),(116,'牛者既従冷胸堂賛髄',899,'狭','2015-08-16 21:47:08','2015-08-16 21:47:08',0,2),(117,'暴畝効遵色督必醜右飼',646,'断','2015-08-16 21:47:17','2015-08-16 21:47:17',0,2),(118,'拠薄表栄改驚坂漫紹窃',969,'恨','2015-08-16 21:47:17','2015-08-16 21:47:17',0,1),(119,'犯拓雷叫描嫁岐将味香',884,'耳','2015-08-16 21:47:17','2015-08-16 21:47:17',0,3),(120,'恥憶先作墜勢太河紅循',301,'懲','2015-08-16 21:47:17','2015-08-16 21:47:17',0,1),(121,'掲青凶朗接愚億祈勧跡',385,'障','2015-08-16 21:47:18','2015-08-16 21:47:18',0,2),(122,'憩場粧底蓄遂',690,'娯','2015-08-16 21:47:18','2015-08-16 21:47:18',0,3),(123,'坂牲接芽紛儀躍棋粋',287,'製','2015-08-16 21:47:18','2015-08-16 21:47:18',0,1),(124,'商守恋店奉境循剤',287,'勲','2015-08-16 21:47:18','2015-08-16 21:47:18',0,3),(125,'波憎門判喚菓',819,'踊','2015-08-16 21:47:18','2015-08-16 21:47:18',0,2),(126,'市審夏人貴告',689,'偶','2015-08-16 21:47:18','2015-08-16 21:47:18',0,1),(127,'爵願和浄怒属載敵',469,'楼','2015-08-16 21:47:19','2015-08-16 21:47:19',0,3),(128,'財全仰景跳設',723,'物','2015-08-16 21:47:19','2015-08-16 21:47:19',0,1),(129,'寿兼獣統向囲衡隷霧丁',795,'宿','2015-08-16 21:47:19','2015-08-16 21:47:19',0,1),(130,'憶題域強墨選昇',122,'映','2015-08-16 21:47:19','2015-08-16 21:47:19',0,2),(131,'婦工放点療漏',985,'卓','2015-08-16 21:47:19','2015-08-16 21:47:19',0,2),(132,'舞読距便返肝下竹',674,'寺','2015-08-16 21:47:19','2015-08-16 21:47:19',0,2),(133,'塔毛仕見揺紙批肖',976,'船','2015-08-16 21:47:19','2015-08-16 21:47:19',0,2),(134,'偏台定裕邸後毛巧',391,'狂','2015-08-16 21:47:19','2015-08-16 21:47:19',0,3),(135,'次程侮午消酸仏威絹艇',766,'琴','2015-08-16 21:47:19','2015-08-16 21:47:19',0,2),(136,'獄余賃詰専弦国欄排',294,'培','2015-08-16 21:47:19','2015-08-16 21:47:19',0,2),(137,'暁賠休譲笛弟俗謀',875,'卸','2015-08-16 21:47:20','2015-08-16 21:47:20',0,3),(138,'誘団渡拡凝菌似芽兆赦',479,'配','2015-08-16 21:47:20','2015-08-16 21:47:20',0,1),(139,'選寂忙裏暇防詔',557,'粧','2015-08-16 21:47:20','2015-08-16 21:47:20',0,2),(140,'跳坊律錘盾致',130,'維','2015-08-16 21:47:20','2015-08-16 21:47:20',0,2),(141,'墓悔含措既減扱',143,'暇','2015-08-16 21:47:20','2015-08-16 21:47:20',0,3),(142,'豚何税銑立随別路顔企',453,'奉','2015-08-16 21:47:20','2015-08-16 21:47:20',0,1),(143,'径弱想巻各答',164,'烈','2015-08-16 21:47:20','2015-08-16 21:47:20',0,2),(144,'踏閲昼蔵区款映',717,'頼','2015-08-16 21:47:20','2015-08-16 21:47:20',0,3),(145,'考口析筆煮顕',387,'桑','2015-08-16 21:47:20','2015-08-16 21:47:20',0,3),(146,'衆虫働盆監力',175,'耕','2015-08-16 21:47:20','2015-08-16 21:47:20',0,3),(147,'誤宇西零遭属聞貝引克',676,'臓','2015-08-16 21:47:21','2015-08-16 21:47:21',0,2),(148,'健泊保操好餓固',198,'抵','2015-08-16 21:47:21','2015-08-16 21:47:21',0,3),(149,'穴慈初肩惜宿奪',586,'月','2015-08-16 21:47:21','2015-08-16 21:47:21',0,1),(150,'賠韻賦縦柳翼',188,'備','2015-08-16 21:47:21','2015-08-16 21:47:21',0,2),(151,'忌猶起範手河',652,'策','2015-08-16 21:47:21','2015-08-16 21:47:21',0,3),(152,'択割寡奮畳身渡',259,'演','2015-08-16 21:47:21','2015-08-16 21:47:21',0,3),(153,'刃向祖艦摂芝盛刈色',709,'犠','2015-08-16 21:47:21','2015-08-16 21:47:21',0,1),(154,'優墳再窒跳消',671,'万','2015-08-16 21:47:21','2015-08-16 21:47:21',0,1),(155,'善棋胆肯鉄輪演謁暮錬',750,'兆','2015-08-16 21:47:21','2015-08-16 21:47:21',0,1),(156,'紀旗軸快避度喜陽',206,'錠','2015-08-16 21:47:21','2015-08-16 21:47:21',0,1),(157,'柔勺冗至忍択愛仰',248,'軍','2015-08-16 21:47:22','2015-08-16 21:47:22',0,2),(158,'絹健戯紳幸荒',848,'堤','2015-08-16 21:47:22','2015-08-16 21:47:22',0,3),(159,'帯処賃欄格湿',341,'神','2015-08-16 21:47:22','2015-08-16 21:47:22',0,2),(160,'爆析敗国恋材単米企',218,'炭','2015-08-16 21:47:22','2015-08-16 21:47:22',0,3),(161,'績章開績潔十籍及黙曜',934,'揮','2015-08-16 21:47:22','2015-08-16 21:47:22',0,1),(162,'存権承騎考嗣',309,'枢','2015-08-16 21:47:22','2015-08-16 21:47:22',0,3),(163,'合力測隣濃食獄',792,'怪','2015-08-16 21:47:22','2015-08-16 21:47:22',0,2),(164,'男紅著縮条界察品綿劇',263,'刷','2015-08-16 21:47:22','2015-08-16 21:47:22',0,1),(165,'教臭郭及地五胆棄',174,'韻','2015-08-16 21:47:22','2015-08-16 21:47:22',0,2),(166,'一誤謀懲蒸沈陸彫',191,'俵','2015-08-16 21:47:22','2015-08-16 21:47:22',0,1),(167,'岩憤辱菓依応底',235,'調','2015-08-16 21:47:23','2015-08-16 21:47:23',0,2),(168,'蒸渇霊班拓慌',729,'接','2015-08-16 21:47:23','2015-08-16 21:47:23',0,2),(169,'綱帝隆鉛暗剖',180,'区','2015-08-16 21:47:23','2015-08-16 21:47:23',0,1),(170,'項談教貢諸揮普採燈曇',721,'刈','2015-08-16 21:47:23','2015-08-16 21:47:23',0,3),(171,'索時仏抄渉書',968,'宰','2015-08-16 21:47:23','2015-08-16 21:47:23',0,3),(172,'伐長改疑生積',231,'駐','2015-08-16 21:47:23','2015-08-16 21:47:23',0,3),(173,'了射占燃卑角寿',286,'施','2015-08-16 21:47:23','2015-08-16 21:47:23',0,2),(174,'宝建勲救稿拙',846,'兼','2015-08-16 21:47:23','2015-08-16 21:47:23',0,1),(175,'猶隷掲梅床朽衰品賃後',537,'遊','2015-08-16 21:47:23','2015-08-16 21:47:23',0,1),(176,'楼紋危陳眼上王暁寺',922,'銀','2015-08-16 21:47:23','2015-08-16 21:47:23',0,3),(177,'用迅跳酪派没霊範',741,'尋','2015-08-16 21:47:24','2015-08-16 21:47:24',0,2),(178,'芋臣娘壮懸昇根忘砲襲',611,'替','2015-08-16 21:47:24','2015-08-16 21:47:24',0,2),(179,'代誤絹雅薬沿',802,'要','2015-08-16 21:47:24','2015-08-16 21:47:24',0,3),(180,'奪芽痢壁淡署潔礎',917,'実','2015-08-16 21:47:24','2015-08-16 21:47:24',0,2),(181,'孤眼墳浜訓貯草艦',729,'型','2015-08-16 21:47:24','2015-08-16 21:47:24',0,2),(182,'否講耐偽劣温尼律鋼伏',113,'履','2015-08-16 21:47:24','2015-08-16 21:47:24',0,3),(183,'符読硫革馬廃酷',496,'宜','2015-08-16 21:47:24','2015-08-16 21:47:24',0,1),(184,'僚由耕断打柳閲表消',565,'冗','2015-08-16 21:47:24','2015-08-16 21:47:24',0,3),(185,'得殉悔渇併状唐積繕至',594,'現','2015-08-16 21:47:24','2015-08-16 21:47:24',0,2),(186,'脚才精仰犯役継',214,'滋','2015-08-16 21:47:24','2015-08-16 21:47:24',0,2),(187,'診跳照延必滅',818,'愚','2015-08-16 21:47:25','2015-08-16 21:47:25',0,2),(188,'遵頼美保著保墓食吸玉',268,'雷','2015-08-16 21:47:25','2015-08-16 21:47:25',0,3),(189,'侍騎倹絵晩妃牛',780,'状','2015-08-16 21:47:25','2015-08-16 21:47:25',0,2),(190,'飲求分稚燥核教',725,'昭','2015-08-16 21:47:25','2015-08-16 21:47:25',0,1),(191,'衣玄胃深兆謙原',945,'号','2015-08-16 21:47:25','2015-08-16 21:47:25',0,3),(192,'倉彰隔継疲積憾俳丹',267,'韻','2015-08-16 21:47:25','2015-08-16 21:47:25',0,2),(193,'区市春展滴惰廃',974,'外','2015-08-16 21:47:25','2015-08-16 21:47:25',0,3),(194,'荘膨臨研別獲',665,'整','2015-08-16 21:47:25','2015-08-16 21:47:25',0,1),(195,'衰邸糾涙報依望誘',694,'黄','2015-08-16 21:47:25','2015-08-16 21:47:25',0,3),(196,'稚潜腕松制昇管賠修謹',281,'娠','2015-08-16 21:47:25','2015-08-16 21:47:25',0,2),(197,'娘納市間丹封代大青',714,'厚','2015-08-16 21:47:26','2015-08-16 21:47:26',0,2),(198,'塩守敬植安該澄里',947,'境','2015-08-16 21:47:26','2015-08-16 21:47:26',0,1),(199,'泰誇扇重鐘建麦弦',863,'唐','2015-08-16 21:47:26','2015-08-16 21:47:26',0,1),(200,'希窃加仕拡誕',358,'庁','2015-08-16 21:47:26','2015-08-16 21:47:26',0,2),(201,'薄感角傾傷巻旧距',231,'席','2015-08-16 21:47:26','2015-08-16 21:47:26',0,1),(202,'光黄術尾滝旬',669,'均','2015-08-16 21:47:26','2015-08-16 21:47:26',0,3),(203,'頼術忠種永決際',414,'崩','2015-08-16 21:47:26','2015-08-16 21:47:26',0,2),(204,'端寝荘封発営擬横',588,'刀','2015-08-16 21:47:26','2015-08-16 21:47:26',0,1),(205,'芽悔冬夏編誠移威転',886,'獲','2015-08-16 21:47:26','2015-08-16 21:47:26',0,3),(206,'微源集奪渋秘幅',789,'肪','2015-08-16 21:47:26','2015-08-16 21:47:26',0,2),(207,'徹安版術尼逆非株薬',404,'抱','2015-08-16 21:47:27','2015-08-16 21:47:27',0,1),(208,'点壇鎮擦融学述泊奴',988,'秒','2015-08-16 21:47:27','2015-08-16 21:47:27',0,1),(209,'会慰酔環祖救',519,'固','2015-08-16 21:47:27','2015-08-16 21:47:27',0,3),(210,'国日葬即拠窯谷鋼舎',996,'経','2015-08-16 21:47:27','2015-08-16 21:47:27',0,3),(211,'刑築会新闘酢気履',159,'姻','2015-08-16 21:47:27','2015-08-16 21:47:27',0,2),(212,'自複栄憎度粒斎残格漏',506,'判','2015-08-16 21:47:27','2015-08-16 21:47:27',0,3),(213,'官改廃服朗漸式',408,'沈','2015-08-16 21:47:27','2015-08-16 21:47:27',0,1),(214,'折水比煩庭肪',261,'遷','2015-08-16 21:47:27','2015-08-16 21:47:27',0,3),(215,'飽治詩砂謄悩鋼成',374,'善','2015-08-16 21:47:27','2015-08-16 21:47:27',0,1),(216,'院所善思抱故被謀',457,'将','2015-08-16 21:47:27','2015-08-16 21:47:27',0,3),(217,'諮璽力轄雅伴紫夢黒',457,'拠','2015-08-16 21:47:27','2015-08-16 21:47:27',0,1),(218,'液装恭打焼覆欠黙欄',370,'賓','2015-08-16 21:47:27','2015-08-16 21:47:27',0,2),(219,'胞伸階忠弦瞬婆段歴婿',236,'恵','2015-08-16 21:47:27','2015-08-16 21:47:27',0,1),(220,'径績隔印均黒鼻',963,'薬','2015-08-16 21:47:27','2015-08-16 21:47:27',0,1),(221,'歓嘆歴弧抱牧',506,'緑','2015-08-16 21:47:27','2015-08-16 21:47:27',0,3),(222,'朝与潜隠穴松詞',959,'刈','2015-08-16 21:47:27','2015-08-16 21:47:27',0,3),(223,'固覆精崇衷述撃',658,'韻','2015-08-16 21:47:27','2015-08-16 21:47:27',0,3),(224,'事解返菌起愛寝隔存合',375,'暖','2015-08-16 21:47:27','2015-08-16 21:47:27',0,3),(225,'宅形及旬暦歯娯診喚升',908,'匿','2015-08-16 21:47:27','2015-08-16 21:47:27',0,1),(226,'埋胞録輪飽司',489,'楼','2015-08-16 21:47:27','2015-08-16 21:47:27',0,3),(227,'折屋易試畳醜補財原堪',510,'堕','2015-08-16 21:47:28','2015-08-16 21:47:28',0,2),(228,'拡復匹鯨幅泳愛脅戦獄',745,'察','2015-08-16 21:47:28','2015-08-16 21:47:28',0,1),(229,'拾息錬郵坂乏成症睡',748,'改','2015-08-16 21:47:28','2015-08-16 21:47:28',0,3),(230,'貝端妨未壁階',768,'諾','2015-08-16 21:47:28','2015-08-16 21:47:28',0,1),(231,'狩観聞俵説府着',824,'痴','2015-08-16 21:47:28','2015-08-16 21:47:28',0,1),(232,'昭菜薫像襲徹灰',760,'雲','2015-08-16 21:47:28','2015-08-16 21:47:28',0,1),(233,'祥打豆郭両費',191,'譜','2015-08-16 21:47:28','2015-08-16 21:47:28',0,2),(234,'消折胆目坂疑堕',573,'博','2015-08-16 21:47:28','2015-08-16 21:47:28',0,1),(235,'霜君侯注右法偶粧',965,'鎮','2015-08-16 21:47:28','2015-08-16 21:47:28',0,1),(236,'促偏与絵粋退絵勢翌加',308,'芽','2015-08-16 21:47:28','2015-08-16 21:47:28',0,2),(237,'及滋射能巣慨揚',806,'黙','2015-08-16 21:47:29','2015-08-16 21:47:29',0,3),(238,'逃選某玉科考序康額',239,'枯','2015-08-16 21:47:29','2015-08-16 21:47:29',0,2),(239,'士夜俗敬署践習旬',349,'貯','2015-08-16 21:47:29','2015-08-16 21:47:29',0,2),(240,'倉易夜利乙笛芳革',240,'第','2015-08-16 21:47:29','2015-08-16 21:47:29',0,2),(241,'疫貧装食終長距',409,'値','2015-08-16 21:47:29','2015-08-16 21:47:29',0,2),(242,'呼敢害孤込拷炎',563,'患','2015-08-16 21:47:29','2015-08-16 21:47:29',0,2),(243,'山詩満辛談俗茎針',230,'泊','2015-08-16 21:47:29','2015-08-16 21:47:29',0,3),(244,'万人京異朱紙孝妃島',162,'孫','2015-08-16 21:47:29','2015-08-16 21:47:29',0,3),(245,'脚和繊士拝菜懸譜卓',274,'詩','2015-08-16 21:47:29','2015-08-16 21:47:29',0,3),(246,'組見敢執雷精至',163,'判','2015-08-16 21:47:29','2015-08-16 21:47:29',0,3),(247,'捕締菌桜沿請膨和',646,'庶','2015-08-16 21:47:29','2015-08-16 21:47:29',0,1),(248,'娘胴妃蓄郭丁副怠抄梅',903,'窃','2015-08-16 21:47:29','2015-08-16 21:47:29',0,2),(249,'楽汚間良季渡',163,'境','2015-08-16 21:47:29','2015-08-16 21:47:29',0,1),(250,'辛衝勤請払翁部幻',971,'慈','2015-08-16 21:47:29','2015-08-16 21:47:29',0,2),(251,'描憎忘慌緊暖',955,'差','2015-08-16 21:47:29','2015-08-16 21:47:29',0,2),(252,'航延仰訳梅斎導',206,'取','2015-08-16 21:47:30','2015-08-16 21:47:30',0,2),(253,'機魅全臣色増邪胆',345,'醸','2015-08-16 21:47:30','2015-08-16 21:47:30',0,3),(254,'群甲湯装圧能斗弔崩食',858,'慨','2015-08-16 21:47:30','2015-08-16 21:47:30',0,3),(255,'咲姻式硬科横旬',689,'臨','2015-08-16 21:47:30','2015-08-16 21:47:30',0,3),(256,'醜山青尺衷用壮',614,'旨','2015-08-16 21:47:30','2015-08-16 21:47:30',0,1),(257,'逐黙著志紳蛮演',660,'弦','2015-08-16 21:47:30','2015-08-16 21:47:30',0,2),(258,'路凶尊貨栽験早共航繰',230,'十','2015-08-16 21:47:30','2015-08-16 21:47:30',0,1),(259,'蔵法偉折参幹兄福賜',270,'嫁','2015-08-16 21:47:30','2015-08-16 21:47:30',0,3),(260,'斗泰筆勤立館変嗣',867,'獲','2015-08-16 21:47:30','2015-08-16 21:47:30',0,2),(261,'悼志坪幻園西翌',267,'里','2015-08-16 21:47:30','2015-08-16 21:47:30',0,2),(262,'般案療慣険候来',739,'置','2015-08-16 21:47:30','2015-08-16 21:47:30',0,2),(263,'物側架湿私憂悼仁絞',858,'淑','2015-08-16 21:47:30','2015-08-16 21:47:30',0,3),(264,'紋粘洗駆雷粧',573,'中','2015-08-16 21:47:30','2015-08-16 21:47:30',0,1),(265,'型穀寺匿本濁',305,'角','2015-08-16 21:47:30','2015-08-16 21:47:30',0,3),(266,'斗拍先画飯貝輝同',672,'写','2015-08-16 21:47:30','2015-08-16 21:47:30',0,1),(267,'乳薬荘畔件昭侮',820,'清','2015-08-16 21:47:37','2015-08-16 21:47:37',0,2),(268,'叫皮胞裏嫡筆血門',660,'変','2015-08-16 21:47:37','2015-08-16 21:47:37',0,1),(269,'威駆湾真悪菜診',531,'巨','2015-08-16 21:47:37','2015-08-16 21:47:37',0,2),(270,'機角場的走寡六引罷',672,'郵','2015-08-16 21:47:37','2015-08-16 21:47:37',0,3),(271,'襲湾野皇隷謙貸逃堂',548,'鋼','2015-08-16 21:47:37','2015-08-16 21:47:37',0,3),(272,'便垂砲沼収細犠露宿',306,'港','2015-08-16 21:47:37','2015-08-16 21:47:37',0,1),(273,'簿篤娠車玉技械蚊要',390,'治','2015-08-16 21:47:37','2015-08-16 21:47:37',0,1),(274,'鑑少伏庭貿菊殴庭',924,'薄','2015-08-16 21:47:37','2015-08-16 21:47:37',0,2),(275,'歓群詔校如脅',251,'封','2015-08-16 21:47:37','2015-08-16 21:47:37',0,1),(276,'価昇縮像脈影宇炊',944,'騎','2015-08-16 21:47:37','2015-08-16 21:47:37',0,3),(277,'幹舶腹技鳥顕肯法額',364,'隔','2015-08-18 09:33:38','2015-08-18 09:33:38',0,1),(278,'毛僚愚明弦迫沸',794,'動','2015-08-18 09:33:38','2015-08-18 09:33:38',0,1),(279,'珍俵秘接覚較録',362,'零','2015-08-18 09:33:38','2015-08-18 09:33:38',0,3),(280,'歳既珍架段訟',207,'乗','2015-08-18 09:33:38','2015-08-18 09:33:38',0,3),(281,'札殉変停弊電画賜素',140,'平','2015-08-18 09:33:38','2015-08-18 09:33:38',0,1),(282,'素妊浜摂娘撃',839,'節','2015-08-18 09:33:38','2015-08-18 09:33:38',0,2),(283,'薄運狂細飲選囲',978,'丘','2015-08-18 09:33:38','2015-08-18 09:33:38',0,2),(284,'邸丘臨払一側夕排抽',119,'迭','2015-08-18 09:33:38','2015-08-18 09:33:38',0,2),(285,'等遷某菌抽又宗',623,'賛','2015-08-18 09:33:38','2015-08-18 09:33:38',0,3),(286,'脱性裸毛締退飲匹化縛',805,'訂','2015-08-18 09:33:38','2015-08-18 09:33:38',0,2),(287,'論兄貴掘夢防賞締悦',115,'懲','2015-08-18 09:34:12','2015-08-18 09:34:12',0,1),(288,'杯町衛臣処閉激',585,'徳','2015-08-18 09:34:12','2015-08-18 09:34:12',0,2),(289,'誠地被老芋像心罰孤',564,'租','2015-08-18 09:34:12','2015-08-18 09:34:12',0,3),(290,'劇蔵信幸童丸泉賜',634,'側','2015-08-18 09:34:12','2015-08-18 09:34:12',0,2),(291,'担木仰特教慢九退懇',760,'芳','2015-08-18 09:34:12','2015-08-18 09:34:12',0,2),(292,'括療夕評徒陶遭校',952,'用','2015-08-18 09:34:12','2015-08-18 09:34:12',0,2),(293,'折悲参賜曇陳',238,'筒','2015-08-18 09:34:12','2015-08-18 09:34:12',0,3),(294,'愚思偉蚊鼻先母統着紹',113,'殺','2015-08-18 09:34:12','2015-08-18 09:34:12',0,3),(295,'硝芽名具柄胴衡姻職',347,'相','2015-08-18 09:34:12','2015-08-18 09:34:12',0,1),(296,'固療各誓親級',640,'斥','2015-08-18 09:34:12','2015-08-18 09:34:12',0,3),(297,'麻拠単局緩評死右緒壱',210,'汚','2015-08-18 09:34:14','2015-08-18 09:34:14',0,2),(298,'徹樹朕午芳拷奮墓好強',277,'父','2015-08-18 09:34:14','2015-08-18 09:34:14',0,2),(299,'米例思勲燥戒切夢融',164,'保','2015-08-18 09:34:14','2015-08-18 09:34:14',0,1),(300,'己禁拍妊誠了',134,'刷','2015-08-18 09:34:14','2015-08-18 09:34:14',0,3),(301,'雷柳根刺既林宇各',271,'官','2015-08-18 09:34:14','2015-08-18 09:34:14',0,2),(302,'漆脳焼福代御反張祥滑',770,'雇','2015-08-18 09:34:14','2015-08-18 09:34:14',0,1),(303,'掛殉決括諭当細',529,'軸','2015-08-18 09:34:14','2015-08-18 09:34:14',0,3),(304,'祝仰鎖較義標菜',150,'育','2015-08-18 09:34:14','2015-08-18 09:34:14',0,2),(305,'無歓以振凍旗詩',594,'言','2015-08-18 09:34:14','2015-08-18 09:34:14',0,3),(306,'供服養誇誓弊史皆傷',919,'積','2015-08-18 09:34:14','2015-08-18 09:34:14',0,2),(307,'粗弓懲穫調医矛舌',124,'乳','2015-08-18 09:34:15','2015-08-18 09:34:15',0,3),(308,'踊泰装留脹志江募柔',886,'雨','2015-08-18 09:34:15','2015-08-18 09:34:15',0,3),(309,'珍存隆均猛皆分抗探夫',596,'京','2015-08-18 09:34:15','2015-08-18 09:34:15',0,1),(310,'矛招悲仰半往障',548,'忙','2015-08-18 09:34:15','2015-08-18 09:34:15',0,1),(311,'緑侵優祉漁佳卓孝嫁',263,'築','2015-08-18 09:34:15','2015-08-18 09:34:15',0,1),(312,'桑峡食解策琴',877,'形','2015-08-18 09:34:15','2015-08-18 09:34:15',0,1),(313,'粛忌託致食欠東幹止郎',263,'冗','2015-08-18 09:34:15','2015-08-18 09:34:15',0,2),(314,'天戦怠細固則需況亡',253,'滋','2015-08-18 09:34:15','2015-08-18 09:34:15',0,3),(315,'黒血左総両丸婿様添伝',229,'肩','2015-08-18 09:34:15','2015-08-18 09:34:15',0,2),(316,'継稲袋午検偏',977,'墳','2015-08-18 09:34:15','2015-08-18 09:34:15',0,3),(317,'談墾縁巻緩都計落',934,'君','2015-08-18 09:34:16','2015-08-18 09:34:16',0,2),(318,'沈快年提査妃清潔覆',370,'象','2015-08-18 09:34:16','2015-08-18 09:34:16',0,3),(319,'佐我墨逆冠朕盆塔江移',476,'菊','2015-08-18 09:34:16','2015-08-18 09:34:16',0,3),(320,'刻粧失膨結敬',463,'可','2015-08-18 09:34:16','2015-08-18 09:34:16',0,3),(321,'犬芋狩彰矛書厘',900,'残','2015-08-18 09:34:16','2015-08-18 09:34:16',0,1),(322,'腸渡障結臭受腐徴渇',735,'乙','2015-08-18 09:34:16','2015-08-18 09:34:16',0,3),(323,'裏誓逃召白暑帆骨宿里',673,'反','2015-08-18 09:34:16','2015-08-18 09:34:16',0,1),(324,'瀬枝登快盆貧発永',705,'膨','2015-08-18 09:34:16','2015-08-18 09:34:16',0,3),(325,'舞屈特夢馬鏡眠',145,'沢','2015-08-18 09:34:16','2015-08-18 09:34:16',0,3),(326,'下寄作摩丘徳',283,'算','2015-08-18 09:34:16','2015-08-18 09:34:16',0,1),(327,'聖柄克抽髄綿表究別',240,'令','2015-08-18 09:34:17','2015-08-18 09:34:17',0,3),(328,'寒布船憾粧量嗣悔陸',147,'並','2015-08-18 09:34:17','2015-08-18 09:34:17',0,2),(329,'斗輝庶愚紛甲望治',289,'角','2015-08-18 09:34:17','2015-08-18 09:34:17',0,3),(330,'導記殉康乱准',1000,'黙','2015-08-18 09:34:17','2015-08-18 09:34:17',0,2),(331,'損帰端闘躍糖参',830,'撮','2015-08-18 09:34:17','2015-08-18 09:34:17',0,2),(332,'鎮指吸顔限味姓蔵浦者',660,'脈','2015-08-18 09:34:17','2015-08-18 09:34:17',0,3),(333,'刑忙亜検惑緩栽祖',158,'陵','2015-08-18 09:34:17','2015-08-18 09:34:17',0,1),(334,'化休峰液傑帰斎',157,'変','2015-08-18 09:34:17','2015-08-18 09:34:17',0,3),(335,'同拍冷陽男添牧伝訪',973,'練','2015-08-18 09:34:17','2015-08-18 09:34:17',0,3),(336,'処汚即永尺冗粋零児登',641,'夜','2015-08-18 09:34:17','2015-08-18 09:34:17',0,3),(337,'太伏適未綿厳',851,'妨','2015-08-18 09:34:18','2015-08-18 09:34:18',0,3),(338,'口維分淡暗九概刷盛',542,'硫','2015-08-18 09:34:18','2015-08-18 09:34:18',0,1),(339,'獄知巧冗転緯子',583,'潔','2015-08-18 09:34:18','2015-08-18 09:34:18',0,3),(340,'精疾風慮距犯垂索',788,'所','2015-08-18 09:34:18','2015-08-18 09:34:18',0,1),(341,'占空序粘酒属対享',926,'別','2015-08-18 09:34:18','2015-08-18 09:34:18',0,2),(342,'殉順銘植向誠浪療解',794,'傾','2015-08-18 09:34:18','2015-08-18 09:34:18',0,2),(343,'難爆湯新塗床抑誠歳適',762,'城','2015-08-18 09:34:18','2015-08-18 09:34:18',0,1),(344,'半用講黙殖舶能空',785,'寿','2015-08-18 09:34:18','2015-08-18 09:34:18',0,3),(345,'元援浄錠豚枝腸',878,'住','2015-08-18 09:34:18','2015-08-18 09:34:18',0,2),(346,'儒骨翁係届諸級唆弦',715,'画','2015-08-18 09:34:18','2015-08-18 09:34:18',0,2),(347,'決養浜構哲及敵充',921,'丸','2015-08-18 09:34:19','2015-08-18 09:34:19',0,1),(348,'傷促銑七発軸',389,'戸','2015-08-18 09:34:19','2015-08-18 09:34:19',0,1),(349,'比兵賓済厳嚇鯨滞',475,'恵','2015-08-18 09:34:19','2015-08-18 09:34:19',0,1),(350,'板宗慣刊兼賞自侵種',900,'陸','2015-08-18 09:34:19','2015-08-18 09:34:19',0,1),(351,'禅妹雅茶仕土敷',416,'糧','2015-08-18 09:34:19','2015-08-18 09:34:19',0,2),(352,'涼痴尉代虚粉張',519,'孫','2015-08-18 09:34:19','2015-08-18 09:34:19',0,3),(353,'叫徴垂移街戸眼醜尺',690,'級','2015-08-18 09:34:19','2015-08-18 09:34:19',0,1),(354,'毛以錬紺心属弟',748,'衆','2015-08-18 09:34:19','2015-08-18 09:34:19',0,2),(355,'環規白至征夕稲父弊抵',362,'胃','2015-08-18 09:34:19','2015-08-18 09:34:19',0,3),(356,'且軸腐若操声郡',239,'邦','2015-08-18 09:34:19','2015-08-18 09:34:19',0,2),(357,'畔小舎壇蚕演順執窃',189,'緊','2015-08-18 09:34:20','2015-08-18 09:34:20',0,2),(358,'処猟塗験爵迷堪郭搾',121,'愉','2015-08-18 09:34:20','2015-08-18 09:34:20',0,2),(359,'絞及駅清操黒',461,'託','2015-08-18 09:34:20','2015-08-18 09:34:20',0,2),(360,'胴婚儀神側休擬購標曲',423,'尊','2015-08-18 09:34:20','2015-08-18 09:34:20',0,1),(361,'誇億五軸系満招得豆',720,'征','2015-08-18 09:34:20','2015-08-18 09:34:20',0,1),(362,'覚普丸悪行札赤喜',754,'刊','2015-08-18 09:34:20','2015-08-18 09:34:20',0,1),(363,'監三奇麻遭隆矢福',436,'音','2015-08-18 09:34:20','2015-08-18 09:34:20',0,1),(364,'抜待鶏孤炭悼',329,'混','2015-08-18 09:34:20','2015-08-18 09:34:20',0,2),(365,'林労裂章寮沿貸',291,'姫','2015-08-18 09:34:20','2015-08-18 09:34:20',0,2),(366,'嗣諾軌媒朱碁囚俗韻忠',326,'態','2015-08-18 09:34:20','2015-08-18 09:34:20',0,1),(367,'駅幅想寿粋焼暑',925,'弔','2015-08-18 09:34:21','2015-08-18 09:34:21',0,1),(368,'酷屈思革硝叔広',466,'呉','2015-08-18 09:34:21','2015-08-18 09:34:21',0,3),(369,'貴絵遂薫搬窮雅',197,'竹','2015-08-18 09:34:21','2015-08-18 09:34:21',0,3),(370,'郷夜由延卸刀',249,'窒','2015-08-18 09:34:21','2015-08-18 09:34:21',0,3),(371,'撲床改直驚雨了為錯',629,'斥','2015-08-18 09:34:21','2015-08-18 09:34:21',0,2),(372,'猶与濁涼瀬好',218,'酪','2015-08-18 09:34:21','2015-08-18 09:34:21',0,1),(373,'義計述問樹膚定賠連',285,'飢','2015-08-18 09:34:21','2015-08-18 09:34:21',0,3),(374,'泊晶映色負著悦棺',278,'方','2015-08-18 09:34:21','2015-08-18 09:34:21',0,3),(375,'死赴我破壁舌坊映',134,'散','2015-08-18 09:34:21','2015-08-18 09:34:21',0,3),(376,'襲次赦本母緑忠躍芸',211,'墨','2015-08-18 09:34:21','2015-08-18 09:34:21',0,2),(377,'仏絵札表凍票',300,'童','2015-08-18 09:34:30','2015-08-18 09:34:30',0,1),(378,'倉映座四捨添廉',196,'敏','2015-08-18 09:34:30','2015-08-18 09:34:30',0,1),(379,'蚊準活丁魅劇込郡',461,'炎','2015-08-18 09:34:30','2015-08-18 09:34:30',0,1),(380,'密託造峰軟塊衣',869,'質','2015-08-18 09:34:30','2015-08-18 09:34:30',0,1),(381,'戯貸僚勧届裏機流',404,'脈','2015-08-18 09:34:30','2015-08-18 09:34:30',0,2),(382,'誠奇部近懐虚部否毒',317,'半','2015-08-18 09:34:30','2015-08-18 09:34:30',0,1),(383,'条管券祭格衆',126,'奏','2015-08-18 09:34:30','2015-08-18 09:34:30',0,2),(384,'犠味確球薪休附既柳',840,'完','2015-08-18 09:34:30','2015-08-18 09:34:30',0,2),(385,'角炎絡壊濃脈丹似',639,'暇','2015-08-18 09:34:30','2015-08-18 09:34:30',0,3),(386,'散姻術徹房秘施添海',689,'婚','2015-08-18 09:34:30','2015-08-18 09:34:30',0,2),(387,'費源訟励伯乳薪池童菜',747,'欠','2015-08-18 09:34:31','2015-08-18 09:34:31',0,2),(388,'伺嗣俳朽餓貸冠',601,'混','2015-08-18 09:34:31','2015-08-18 09:34:31',0,1),(389,'燈雇子書輸聖珍臣初',640,'毛','2015-08-18 09:34:31','2015-08-18 09:34:31',0,2),(390,'致監撃夜酢鶏借海退',834,'字','2015-08-18 09:34:31','2015-08-18 09:34:31',0,2),(391,'三願訪春朽徳僧未緒銘',282,'倫','2015-08-18 09:34:31','2015-08-18 09:34:31',0,3),(392,'厘朽門陸走戦夏核',474,'安','2015-08-18 09:34:31','2015-08-18 09:34:31',0,2),(393,'関温鋳人昼域弟呉',842,'動','2015-08-18 09:34:31','2015-08-18 09:34:31',0,3),(394,'驚譜持濃聴凶側透控',516,'恵','2015-08-18 09:34:31','2015-08-18 09:34:31',0,1),(395,'探看陽疎零放脳事',909,'訴','2015-08-18 09:34:31','2015-08-18 09:34:31',0,3),(396,'様稚遇憩輸害治遠陸泉',373,'品','2015-08-18 09:34:31','2015-08-18 09:34:31',0,1),(397,'授恒歴丹享歴巨',690,'倣','2015-08-18 09:34:32','2015-08-18 09:34:32',0,1),(398,'寸供妨惰尊穫留',871,'苦','2015-08-18 09:34:32','2015-08-18 09:34:32',0,2),(399,'辺欲徐病舶兵決糖彰',201,'養','2015-08-18 09:34:32','2015-08-18 09:34:32',0,2),(400,'憾進階悩揚繕',421,'発','2015-08-18 09:34:32','2015-08-18 09:34:32',0,2),(401,'母財雇労弓敢掲',214,'薦','2015-08-18 09:34:32','2015-08-18 09:34:32',0,3),(402,'放南礎兆格踊旗鈍込',288,'責','2015-08-18 09:34:32','2015-08-18 09:34:32',0,1),(403,'旅呼寧尋賢逃',131,'侯','2015-08-18 09:34:32','2015-08-18 09:34:32',0,1),(404,'桃用消術塊訓均歌',667,'短','2015-08-18 09:34:32','2015-08-18 09:34:32',0,3),(405,'集沼刃昨党便質喪注綱',301,'氷','2015-08-18 09:34:32','2015-08-18 09:34:32',0,2),(406,'儒速赤愛市陣笑枯張',914,'鉄','2015-08-18 09:34:32','2015-08-18 09:34:32',0,1),(407,'裕刈盛手陸択摂',940,'三','2015-08-18 09:34:33','2015-08-18 09:34:33',0,3),(408,'対窯家搾短金僚病有胆',354,'窯','2015-08-18 09:34:33','2015-08-18 09:34:33',0,2),(409,'鋳納更福心規汗拠狂',455,'原','2015-08-18 09:34:33','2015-08-18 09:34:33',0,2),(410,'坑墓捨架適根席',419,'晴','2015-08-18 09:34:33','2015-08-18 09:34:33',0,1),(411,'己量養悼眠耗倫師',435,'百','2015-08-18 09:34:33','2015-08-18 09:34:33',0,3),(412,'駆曇滴妥練逆病暇隆',910,'感','2015-08-18 09:34:33','2015-08-18 09:34:33',0,2),(413,'言兄超舟生犠',481,'係','2015-08-18 09:34:33','2015-08-18 09:34:33',0,1),(414,'測諾築角甘産肯孤',259,'廊','2015-08-18 09:34:33','2015-08-18 09:34:33',0,2),(415,'売燈恥悪怒疲惑凶',904,'左','2015-08-18 09:34:33','2015-08-18 09:34:33',0,1),(416,'企拍整弱土軌脚汗貧',922,'賢','2015-08-18 09:34:33','2015-08-18 09:34:33',0,3),(417,'嬢償乾事億体不本',943,'唆','2015-08-18 09:34:33','2015-08-18 09:34:33',0,1),(418,'各宝瞬協冠服',253,'耳','2015-08-18 09:34:33','2015-08-18 09:34:33',0,1),(419,'工退旋屋耗揮窮',592,'購','2015-08-18 09:34:33','2015-08-18 09:34:33',0,2),(420,'布業登包後刺繊勇',130,'琴','2015-08-18 09:34:33','2015-08-18 09:34:33',0,3),(421,'袋詠粒療冠員',907,'活','2015-08-18 09:34:33','2015-08-18 09:34:33',0,3),(422,'字孫傍齢匁笑',430,'激','2015-08-18 09:34:33','2015-08-18 09:34:33',0,1),(423,'拘叔意裁留柱園',303,'疎','2015-08-18 09:34:33','2015-08-18 09:34:33',0,1),(424,'門株吸臨拷祈療',721,'港','2015-08-18 09:34:33','2015-08-18 09:34:33',0,1),(425,'逆訳類邦夜去凝',839,'材','2015-08-18 09:34:33','2015-08-18 09:34:33',0,1),(426,'棒湿晴植所裸猟',780,'転','2015-08-18 09:34:33','2015-08-18 09:34:33',0,1),(427,'刊恩身又仏廷営',862,'旅','2015-08-18 09:34:34','2015-08-18 09:34:34',0,1),(428,'柄暗到蚊観土搾涙相',781,'潔','2015-08-18 09:34:34','2015-08-18 09:34:34',0,1),(429,'遭媒粉孤署馬院市',518,'概','2015-08-18 09:34:34','2015-08-18 09:34:34',0,1),(430,'倫十翼忍閲豚錯篤',107,'薦','2015-08-18 09:34:34','2015-08-18 09:34:34',0,3),(431,'霧着僧頂様平灰酵点',232,'珠','2015-08-18 09:34:34','2015-08-18 09:34:34',0,3),(432,'行士秋払知単赦置',988,'売','2015-08-18 09:34:34','2015-08-18 09:34:34',0,3),(433,'殊詰卑興章理奏北木',307,'疾','2015-08-18 09:34:34','2015-08-18 09:34:34',0,1),(434,'堕西山寡兵酒票悪申',741,'声','2015-08-18 09:34:34','2015-08-18 09:34:34',0,2),(435,'粗値罰筋習混窓狩罰',730,'排','2015-08-18 09:34:34','2015-08-18 09:34:34',0,2),(436,'寿個伯音頂薫芋憂野',414,'薬','2015-08-18 09:34:34','2015-08-18 09:34:34',0,1),(437,'方令痢儀穫域柄',226,'囚','2015-08-18 09:34:35','2015-08-18 09:34:35',0,3),(438,'揺娘装谷且跡舌沢',558,'奉','2015-08-18 09:34:35','2015-08-18 09:34:35',0,3),(439,'孫卸債僚燥十継',395,'秘','2015-08-18 09:34:35','2015-08-18 09:34:35',0,3),(440,'還悟意壇圧掲足聴',587,'価','2015-08-18 09:34:35','2015-08-18 09:34:35',0,1),(441,'亜争曲叫変曲肪',204,'欠','2015-08-18 09:34:35','2015-08-18 09:34:35',0,1),(442,'帯劣募矢色神段価',778,'窯','2015-08-18 09:34:35','2015-08-18 09:34:35',0,3),(443,'創沿該刑麻篤玄記',765,'編','2015-08-18 09:34:35','2015-08-18 09:34:35',0,1),(444,'大義獲卓挙易所',241,'模','2015-08-18 09:34:35','2015-08-18 09:34:35',0,1),(445,'即帥前驚核兵八飼隆匹',118,'塔','2015-08-18 09:34:35','2015-08-18 09:34:35',0,1),(446,'蓄網章刊死軌湖壁古主',648,'照','2015-08-18 09:34:35','2015-08-18 09:34:35',0,3),(447,'帝渋百嘆河街',559,'派','2015-08-18 09:34:36','2015-08-18 09:34:36',0,1),(448,'丙視両題非勧妹薪波嬢',484,'機','2015-08-18 09:34:36','2015-08-18 09:34:36',0,1),(449,'皆遣損本放塩寧去田及',576,'固','2015-08-18 09:34:36','2015-08-18 09:34:36',0,1),(450,'字早騒増紳獲正',553,'膚','2015-08-18 09:34:36','2015-08-18 09:34:36',0,3),(451,'旗閲明買冊戸既',586,'四','2015-08-18 09:34:36','2015-08-18 09:34:36',0,3),(452,'預刊晴局季汚途凍漆',225,'婆','2015-08-18 09:34:36','2015-08-18 09:34:36',0,1),(453,'釈増括虜顔美末紀',554,'輪','2015-08-18 09:34:36','2015-08-18 09:34:36',0,2),(454,'儀裕候幹保犬里',588,'准','2015-08-18 09:34:36','2015-08-18 09:34:36',0,3),(455,'綱悟格暑導伝絶逆',522,'翁','2015-08-18 09:34:36','2015-08-18 09:34:36',0,3),(456,'定位夏苦奇族',754,'陶','2015-08-18 09:34:36','2015-08-18 09:34:36',0,2),(457,'茶脹果斜着種主畑',206,'占','2015-08-18 09:34:36','2015-08-18 09:34:36',0,3),(458,'区匠産汗下泳華坪畝佐',740,'載','2015-08-18 09:34:36','2015-08-18 09:34:36',0,1),(459,'弦応宇悪謝受該寺雑柔',731,'共','2015-08-18 09:34:36','2015-08-18 09:34:36',0,2),(460,'遍遊析再群差眼暫昨',701,'詐','2015-08-18 09:34:36','2015-08-18 09:34:36',0,1),(461,'是相傾依貝述諾雪重絶',303,'消','2015-08-18 09:34:36','2015-08-18 09:34:36',0,2),(462,'与浪輪支降勺才吉',250,'識','2015-08-18 09:34:36','2015-08-18 09:34:36',0,2),(463,'雷告謙隠先歳独',557,'載','2015-08-18 09:34:36','2015-08-18 09:34:36',0,2),(464,'禍頂諸皮西野迎衷苗',204,'蚕','2015-08-18 09:34:36','2015-08-18 09:34:36',0,3),(465,'暖錯個塩非地労筋窮姻',632,'督','2015-08-18 09:34:37','2015-08-18 09:34:37',0,1),(466,'顕嫁妙償膚盛徴柳拾隣',336,'谷','2015-08-18 09:34:37','2015-08-18 09:34:37',0,1),(467,'某獣念濫砂恒',646,'拘','2015-08-18 09:34:37','2015-08-18 09:34:37',0,2),(468,'愉坪厘繭員彰',707,'塩','2015-08-18 09:34:37','2015-08-18 09:34:37',0,3),(469,'竹符至陰族残波派',906,'終','2015-08-18 09:34:37','2015-08-18 09:34:37',0,3),(470,'蛮角句台玉吉蚕',190,'門','2015-08-18 09:34:37','2015-08-18 09:34:37',0,1),(471,'潜譲団没韻邸',646,'幅','2015-08-18 09:34:37','2015-08-18 09:34:37',0,3),(472,'則嚇銃老解擬子経',167,'貢','2015-08-18 09:34:37','2015-08-18 09:34:37',0,2),(473,'万湯珍冠勤剤故蛮笛',585,'壱','2015-08-18 09:34:37','2015-08-18 09:34:37',0,1),(474,'封悦練丘循等義',676,'皇','2015-08-18 09:34:37','2015-08-18 09:34:37',0,1),(475,'准父宮侍漏崩譜空穴',774,'液','2015-08-18 09:34:37','2015-08-18 09:34:37',0,3),(476,'奨搾束堪終帽妨',274,'幽','2015-08-18 09:34:37','2015-08-18 09:34:37',0,1),(477,'巧克力棒真是棒',NULL,'個','2015-08-19 22:44:01','2015-08-19 22:44:01',1,1),(478,'貢丸也很棒',30,'粒','2015-08-20 01:06:30','2015-08-20 01:06:30',1,3),(479,'西瓜糖',10,'個','2015-08-20 02:48:19','2015-08-20 02:48:19',1,1),(480,'什麼都沒有的果醬',130,'罐','2015-08-20 03:04:15','2015-08-20 03:04:15',1,1),(481,'森永牛奶糖',30,'歌','2015-08-20 15:17:38','2015-08-20 15:17:38',1,1);
/*!40000 ALTER TABLE `TB_PRODUCTS` ENABLE KEYS */;
UNLOCK TABLES;

--
-- Table structure for table `TB_ROLES`
--

DROP TABLE IF EXISTS `TB_ROLES`;
/*!40101 SET @saved_cs_client     = @@character_set_client */;
/*!40101 SET character_set_client = utf8 */;
CREATE TABLE `TB_ROLES` (
  `id` bigint(20) unsigned NOT NULL AUTO_INCREMENT,
  `role` varchar(10) COLLATE utf8_unicode_ci DEFAULT 'ROLE_USER',
  `user_id` bigint(20) unsigned NOT NULL,
  PRIMARY KEY (`id`),
  UNIQUE KEY `user_id` (`user_id`,`role`),
  CONSTRAINT `fk_user` FOREIGN KEY (`user_id`) REFERENCES `TB_USERS` (`id`) ON DELETE CASCADE
) ENGINE=InnoDB AUTO_INCREMENT=14 DEFAULT CHARSET=utf8 COLLATE=utf8_unicode_ci;
/*!40101 SET character_set_client = @saved_cs_client */;

--
-- Dumping data for table `TB_ROLES`
--

LOCK TABLES `TB_ROLES` WRITE;
/*!40000 ALTER TABLE `TB_ROLES` DISABLE KEYS */;
INSERT INTO `TB_ROLES` VALUES (2,'ROLE_ADMIN',1),(1,'ROLE_USER',1),(3,'ROLE_USER',2),(8,'ROLE_USER',6),(9,'ROLE_USER',7),(10,'ROLE_USER',8),(11,'ROLE_USER',9),(12,'ROLE_USER',10),(13,'ROLE_USER',11);
/*!40000 ALTER TABLE `TB_ROLES` ENABLE KEYS */;
UNLOCK TABLES;

--
-- Table structure for table `TB_USERS`
--

DROP TABLE IF EXISTS `TB_USERS`;
/*!40101 SET @saved_cs_client     = @@character_set_client */;
/*!40101 SET character_set_client = utf8 */;
CREATE TABLE `TB_USERS` (
  `id` bigint(20) unsigned NOT NULL AUTO_INCREMENT,
  `username` varchar(14) COLLATE utf8_unicode_ci NOT NULL,
  `password` varchar(14) COLLATE utf8_unicode_ci NOT NULL,
  `email` varchar(30) COLLATE utf8_unicode_ci NOT NULL,
  `nickname` varchar(20) COLLATE utf8_unicode_ci DEFAULT NULL,
  `realname` varchar(20) COLLATE utf8_unicode_ci DEFAULT NULL,
  `gender` varchar(6) COLLATE utf8_unicode_ci DEFAULT 'MALE',
  `birthday` date DEFAULT NULL,
  `telephone` varchar(13) COLLATE utf8_unicode_ci DEFAULT NULL,
  `address` varchar(70) COLLATE utf8_unicode_ci DEFAULT NULL,
  `mobile` varchar(12) COLLATE utf8_unicode_ci DEFAULT NULL,
  `zipcode` varchar(5) COLLATE utf8_unicode_ci DEFAULT NULL,
  `createdTime` datetime DEFAULT CURRENT_TIMESTAMP,
  `lastModified` datetime DEFAULT CURRENT_TIMESTAMP,
  `errorCounters` tinyint(3) unsigned DEFAULT '0',
  `enabled` tinyint(3) unsigned DEFAULT '0',
  PRIMARY KEY (`id`),
  UNIQUE KEY `username` (`username`)
) ENGINE=InnoDB AUTO_INCREMENT=12 DEFAULT CHARSET=utf8 COLLATE=utf8_unicode_ci;
/*!40101 SET character_set_client = @saved_cs_client */;

--
-- Dumping data for table `TB_USERS`
--

LOCK TABLES `TB_USERS` WRITE;
/*!40000 ALTER TABLE `TB_USERS` DISABLE KEYS */;
INSERT INTO `TB_USERS` VALUES (1,'admin','admin','admin@email.com',NULL,NULL,'MALE',NULL,NULL,NULL,NULL,NULL,'2015-08-08 01:06:02','2015-08-08 01:06:02',0,1),(2,'tony','tony','tony@email.com',NULL,NULL,'MALE',NULL,NULL,NULL,NULL,NULL,'2015-08-08 01:06:17','2015-08-08 01:06:17',0,1),(6,'marego','marego','marego@gmail.com','我是','馬列先生','FEMALE','1982-08-25','(13)2434-6346','烏克蘭偉大城偉大路3號','1234-234-234','540',NULL,'2015-08-11 17:06:58',NULL,1),(7,'taiphone','taiphone','taiphone@gmail.com','我是','颱風好威','FEMALE','1997-08-08','(12)5323-5315','我是颱風真正威','2153-235-235','305','2015-08-08 16:12:29','2015-08-08 16:12:29',0,1),(8,'fucking','123456','123@yahoo.com.tw','','','MALE','1997-08-17','','','','','2015-08-17 16:28:02','2015-08-17 16:28:02',0,1),(9,'王八蛋就是你','123456','l.peter1130@gmail.com','','','MALE','1997-08-17','','','','','2015-08-17 16:36:34','2015-08-17 16:36:34',0,1),(10,'hahaha','hahaha','hahaha@gmail.lcom','Im','hahaha','MALE','1997-08-20','(12)3423-4234','my address','3252-352-352','','2015-08-20 14:47:58','2015-08-20 14:51:30',0,1),(11,'bbbbbb','bbbbbb','abab@gmail.com','ab','ab','MALE','1977-08-17','(12)3432-4234','asdbabab','1234-234-343','112','2015-08-20 15:20:31','2015-08-20 15:20:31',0,1);
/*!40000 ALTER TABLE `TB_USERS` ENABLE KEYS */;
UNLOCK TABLES;

--
-- Table structure for table `persistent_logins`
--

DROP TABLE IF EXISTS `persistent_logins`;
/*!40101 SET @saved_cs_client     = @@character_set_client */;
/*!40101 SET character_set_client = utf8 */;
CREATE TABLE `persistent_logins` (
  `username` varchar(64) COLLATE utf8_unicode_ci NOT NULL,
  `series` varchar(64) COLLATE utf8_unicode_ci NOT NULL,
  `token` varchar(64) COLLATE utf8_unicode_ci NOT NULL,
  `last_used` timestamp NOT NULL DEFAULT CURRENT_TIMESTAMP ON UPDATE CURRENT_TIMESTAMP,
  PRIMARY KEY (`series`)
) ENGINE=InnoDB DEFAULT CHARSET=utf8 COLLATE=utf8_unicode_ci;
/*!40101 SET character_set_client = @saved_cs_client */;

--
-- Dumping data for table `persistent_logins`
--

LOCK TABLES `persistent_logins` WRITE;
/*!40000 ALTER TABLE `persistent_logins` DISABLE KEYS */;
/*!40000 ALTER TABLE `persistent_logins` ENABLE KEYS */;
UNLOCK TABLES;
/*!40103 SET TIME_ZONE=@OLD_TIME_ZONE */;

/*!40101 SET SQL_MODE=@OLD_SQL_MODE */;
/*!40014 SET FOREIGN_KEY_CHECKS=@OLD_FOREIGN_KEY_CHECKS */;
/*!40014 SET UNIQUE_CHECKS=@OLD_UNIQUE_CHECKS */;
/*!40101 SET CHARACTER_SET_CLIENT=@OLD_CHARACTER_SET_CLIENT */;
/*!40101 SET CHARACTER_SET_RESULTS=@OLD_CHARACTER_SET_RESULTS */;
/*!40101 SET COLLATION_CONNECTION=@OLD_COLLATION_CONNECTION */;
/*!40111 SET SQL_NOTES=@OLD_SQL_NOTES */;

-- Dump completed on 2015-10-09 15:25:22
